<?xml version="1.0" encoding="UTF-8"?><ValueSet xmlns="http://hl7.org/fhir"><id value="chradorder-vs-example"/><text><status value="generated"/><div xmlns="http://www.w3.org/1999/xhtml"><ul><li>Include these codes as defined in <a href="CodeSystem-chradorder-cs-example.html"><code>http://fhir.ch/ig/ch-etoc/CodeSystem/chradorder-cs-example</code></a><table class="none"><tr><td style="white-space:nowrap"><b>Code</b></td><td><b>Display</b></td></tr><tr><td><a href="CodeSystem-chradorder-cs-example.html#chradorder-cs-example-bsp">bsp</a></td><td>Beispiel</td></tr></table></li></ul></div></text><url value="http://fhir.ch/ig/ch-etoc/ValueSet/chradorder-vs-example"/><version value="0.0.1"/><name value="ChRadOrderVSExample"/><title value="CH RAD-Order ValueSet Example"/><status value="active"/><date value="2021-03-09T13:54:55+01:00"/><publisher value="HL7 Switzerland"/><contact><name value="HL7 Switzerland"/><telecom><system value="url"/><value value="https://www.hl7.ch/"/></telecom></contact><contact><name value="Juer P. Bleuer"/><telecom><system value="email"/><value value="bleuer@healthevidence.ch"/></telecom></contact><description value="CH RAD-Order ValueSet Example"/><jurisdiction><coding><system value="urn:iso:std:iso:3166"/><code value="CH"/></coding></jurisdiction><copyright value="CC-BY-SA-4.0"/><compose><include><system value="http://fhir.ch/ig/ch-etoc/CodeSystem/chradorder-cs-example"/><concept><code value="bsp"/><display value="Beispiel"/></concept></include></compose></ValueSet>