<?xml version="1.0" encoding="UTF-8"?>

<CodeSystem xmlns="http://hl7.org/fhir">
  <id value="chradorder-cs-example"/>
  <text>
    <status value="generated"/><div xmlns="http://www.w3.org/1999/xhtml"><p>This code system http://fhir.ch/ig/ch-etoc/CodeSystem/chradorder-cs-example defines the following codes:</p><table class="codes"><tr><td style="white-space:nowrap"><b>Code</b></td><td><b>Display</b></td></tr><tr><td style="white-space:nowrap">bsp<a name="chradorder-cs-example-bsp"> </a></td><td>Beispiel</td></tr></table></div>
  </text>
  <url value="http://fhir.ch/ig/ch-etoc/CodeSystem/chradorder-cs-example"/>
  <version value="0.0.1"/>
  <name value="ChRadOrderCSExample"/>
  <title value="CH RAD-Order CodeSystem Example"/>
  <status value="active"/>
  <date value="2021-03-05T10:00:54+01:00"/>
  <publisher value="HL7 Switzerland"/>
  <contact>
    <name value="HL7 Switzerland"/>
    <telecom>
      <system value="url"/>
      <value value="https://www.hl7.ch/"/>
    </telecom>
  </contact>
  <contact>
    <name value="Juer P. Bleuer"/>
    <telecom>
      <system value="email"/>
      <value value="bleuer@healthevidence.ch"/>
    </telecom>
  </contact>
  <description value="CH RAD-Order CodeSystem Example"/>
  <jurisdiction>
    <coding>
      <system value="urn:iso:std:iso:3166"/>
      <code value="CH"/>
    </coding>
  </jurisdiction>
  <copyright value="CC-BY-SA-4.0"/>
  <content value="complete"/>
  <count value="1"/>
  <concept>
    <code value="bsp"/>
    <display value="Beispiel"/>
  </concept>
</CodeSystem>