{
  "resourceType": "ValueSet",
  "id": "chradorder-vs-example",
  "text": {
    "status": "generated",
    "div": "<div xmlns=\"http://www.w3.org/1999/xhtml\"><ul><li>Include these codes as defined in <a href=\"CodeSystem-chradorder-cs-example.html\"><code>http://fhir.ch/ig/ch-etoc/CodeSystem/chradorder-cs-example</code></a><table class=\"none\"><tr><td style=\"white-space:nowrap\"><b>Code</b></td><td><b>Display</b></td></tr><tr><td><a href=\"CodeSystem-chradorder-cs-example.html#chradorder-cs-example-bsp\">bsp</a></td><td>Beispiel</td></tr></table></li></ul></div>"
  },
  "url": "http://fhir.ch/ig/ch-etoc/ValueSet/chradorder-vs-example",
  "version": "0.0.1",
  "name": "ChRadOrderVSExample",
  "title": "CH RAD-Order ValueSet Example",
  "status": "active",
  "date": "2021-05-05T14:41:01+02:00",
  "publisher": "HL7 Switzerland",
  "contact": [
    {
      "name": "HL7 Switzerland",
      "telecom": [
        {
          "system": "url",
          "value": "https://www.hl7.ch/"
        }
      ]
    },
    {
      "name": "Juer P. Bleuer",
      "telecom": [
        {
          "system": "email",
          "value": "bleuer@healthevidence.ch"
        }
      ]
    }
  ],
  "description": "CH RAD-Order ValueSet Example",
  "jurisdiction": [
    {
      "coding": [
        {
          "system": "urn:iso:std:iso:3166",
          "code": "CH"
        }
      ]
    }
  ],
  "copyright": "CC-BY-SA-4.0",
  "compose": {
    "include": [
      {
        "system": "http://fhir.ch/ig/ch-etoc/CodeSystem/chradorder-cs-example",
        "concept": [
          {
            "code": "bsp",
            "display": "Beispiel"
          }
        ]
      }
    ]
  }
}